{
  "id": "apocryphal-archives-the-magus-and-sorcerer",
  "title": "Apocryphal Archives: The Magus and Sorcerer",
  "version": "1.1.0",
  "compatibility": {
    "minimum": "11",
    "verified": "11"
  },
  "description": "Implements the Pathfinder Infinite content: Apocryphal Archives: The Magus and Sorcerer, by Perrin Mele, Dannil Mele, and Timothy Schaefer",
  "authors": [
    {
      "name": "Perrin Mele"
    },
    {
      "name": "Dannil Mele"
    },
    {
      "name": "Timothy Schaefer"
    }
  ],
  "url": "https://github.com/ApocryphalArchives/AA_magus-and-sorcerer",
  "packs": [
    {
      "name": "apocryphal-archives-the-magus-and-sorcerer",
      "label": "Apocryphal Archives: The Magus and Sorcerer",
      "path": "packs/apocryphal-archives-the-magus-and-sorcerer",
      "type": "Item",
      "system": "pf2e",
      "ownership": {
        "PLAYER": "OBSERVER",
        "ASSISTANT": "OWNER"
      }
    }
  ],
  "manifest": "https://github.com/ApocryphalArchives/AA_magus-and-sorcerer/raw/main/apocryphal-archives-the-magus-and-sorcerer/module.json",
  "download": "https://github.com/ApocryphalArchives/AA_magus-and-sorcerer/raw/main/AA_tMaS.zip"
}